fee_rate,weeks_test,portfolio_total_return_test,portfolio_sharpe_test,vnindex_sharpe_test,avg_turnover_test,avg_trading_cost_test
0.0,122,1.4299713941999777,1.6427526894448192,1.3427269389520462,0.878688524590164,0.0
0.0015,122,1.0688032591296786,1.3658844678917252,1.3427269389520462,0.878688524590164,0.001318032786885246
0.0025,122,0.8581400563013202,1.1814214556186813,1.3427269389520462,0.878688524590164,0.00219672131147541
0.0035,122,0.6687658165254842,0.9970628512688825,1.3427269389520462,0.878688524590164,0.0030754098360655747
